{
	"pattrstorage" : 	{
		"name" : "presets",
		"slots" : 		{
			"1" : 			{
				"id" : 1,
				"name" : "Cymbal_1",
				"data" : 				{
					"4_3Volume" : [ 0 ],
					"attBrightIntensity" : [ 1.0 ],
					"attBrightLength" : [ 0.470635116100311 ],
					"attDissIntensity" : [ 0.022359254031346 ],
					"attDissLength" : [ 0.32408339196238 ],
					"attack" : [ 0.599945460927897 ],
					"attackDissonance" : [ 0 ],
					"detune" : [ 0.0 ],
					"disableEnvelope" : [ 0 ],
					"fmIndex" : [ 0.5 ],
					"fmRatio" : [ 1.0 ],
					"generalVolume" : [ 106 ],
					"glissando" : [ 0.802783891044814 ],
					"justIntonationOnOff" : [ 0 ],
					"numberOfVoices" : [ 7 ],
					"pitchReference" : [ 53 ],
					"ramdomBangsEnable" : [ 0 ],
					"ramdomBangsEnable[1]" : [ 0 ],
					"randomBangsChances" : [ 0.001 ],
					"randomNoteFreq" : [ 5000 ],
					"randomNotesScale" : [ 1 ],
					"randomNotesSpread" : [ 24 ],
					"randomNotesStart" : [ 24 ],
					"release" : [ 0.668910978169277 ],
					"subVolume" : [ 0.469288166227012 ],
					"voicePanning" : [ 0.479404834837749 ],
					"voiceSubPanning" : [ 0.531128972768784 ],
					"wobble" : [ 0.466324771272725 ]
				}

			}
,
			"2" : 			{
				"id" : 2,
				"data" : 				{
					"4_3Volume" : [ 74 ],
					"attBrightIntensity" : [ 1.0 ],
					"attBrightLength" : [ 0.470635116100311 ],
					"attDissIntensity" : [ 0.022359254031346 ],
					"attDissLength" : [ 0.32408339196238 ],
					"attack" : [ 0.556842012652035 ],
					"attackDissonance" : [ 0 ],
					"detune" : [ 0.0 ],
					"disableEnvelope" : [ 0 ],
					"fmIndex" : [ 0.3 ],
					"fmRatio" : [ 1.0 ],
					"generalVolume" : [ 106 ],
					"glissando" : [ 0.802783891044814 ],
					"justIntonationOnOff" : [ 0 ],
					"numberOfVoices" : [ 7 ],
					"pitchReference" : [ 53 ],
					"ramdomBangsEnable" : [ 0 ],
					"ramdomBangsEnable[1]" : [ 0 ],
					"randomBangsChances" : [ 0.001 ],
					"randomNoteFreq" : [ 5000 ],
					"randomNotesScale" : [ 1 ],
					"randomNotesSpread" : [ 24 ],
					"randomNotesStart" : [ 24 ],
					"release" : [ 0.832704081617553 ],
					"subVolume" : [ 0.14170195933046 ],
					"voicePanning" : [ 0.212163455527404 ],
					"voiceSubPanning" : [ 0.117335869320508 ],
					"wobble" : [ 0.224945460927897 ]
				}

			}
,
			"3" : 			{
				"id" : 3,
				"data" : 				{
					"4_3Volume" : [  ],
					"attBrightIntensity" : [ 0.222222217198076 ],
					"attBrightLength" : [ 0.77394635512911 ],
					"attDissIntensity" : [ 0.489463596508421 ],
					"attDissLength" : [ 0.222222217198076 ],
					"attack" : [ 0.532567044784283 ],
					"attackDissonance" : [ 1 ],
					"detune" : [ 1.0 ],
					"disableEnvelope" : [ 0 ],
					"fmIndex" : [ 2.0 ],
					"fmRatio" : [ 1.5 ],
					"generalVolume" : [ 101 ],
					"glissando" : [ 0.0 ],
					"justIntonationOnOff" : [ 0 ],
					"numberOfVoices" : [ 6 ],
					"pitchReference" : [ 120 ],
					"ramdomBangsEnable" : [ 0 ],
					"ramdomBangsEnable[1]" : [ 1 ],
					"randomBangsChances" : [ 0.04 ],
					"randomNoteFreq" : [ 5000 ],
					"randomNotesScale" : [ 1 ],
					"randomNotesSpread" : [ 36 ],
					"randomNotesStart" : [  ],
					"release" : [ 0.748084286163593 ],
					"subVolume" : [ 0.267241547847616 ],
					"voicePanning" : [ 0.991803278688525 ],
					"voiceSubPanning" : [ 1.0 ],
					"wobble" : [ 0.735153251680835 ]
				}

			}
,
			"4" : 			{
				"id" : 4,
				"data" : 				{
					"4_3Volume" : [  ],
					"attBrightIntensity" : [ 0.222222217198076 ],
					"attBrightLength" : [ 0.77394635512911 ],
					"attDissIntensity" : [ 0.489463596508421 ],
					"attDissLength" : [ 0.222222217198076 ],
					"attack" : [ 0.532567044784283 ],
					"attackDissonance" : [ 1 ],
					"detune" : [ 0.106800761716119 ],
					"disableEnvelope" : [ 0 ],
					"fmIndex" : [ 2.0 ],
					"fmRatio" : [ 1.5 ],
					"generalVolume" : [ 101 ],
					"glissando" : [ 0.0 ],
					"justIntonationOnOff" : [  ],
					"numberOfVoices" : [ 6 ],
					"pitchReference" : [ 120 ],
					"ramdomBangsEnable" : [ 0 ],
					"ramdomBangsEnable[1]" : [  ],
					"randomBangsChances" : [ 0.04 ],
					"randomNoteFreq" : [ 5000 ],
					"randomNotesScale" : [  ],
					"randomNotesSpread" : [  ],
					"randomNotesStart" : [  ],
					"release" : [ 0.748084286163593 ],
					"subVolume" : [ 0.267241547847616 ],
					"voicePanning" : [ 0.991803278688525 ],
					"voiceSubPanning" : [ 1.0 ],
					"wobble" : [ 0.735153251680835 ]
				}

			}
,
			"5" : 			{
				"id" : 5,
				"data" : 				{
					"4_3Volume" : [  ],
					"attBrightIntensity" : [ 0.65471074190633 ],
					"attBrightLength" : [ 0.301574044186493 ],
					"attDissIntensity" : [ 0.737801729605116 ],
					"attDissLength" : [ 0.260028550337101 ],
					"attack" : [ 0.152144339577905 ],
					"attackDissonance" : [ 1 ],
					"detune" : [ 0.0 ],
					"disableEnvelope" : [ 0 ],
					"fmIndex" : [ 0.0 ],
					"fmRatio" : [ 0.0 ],
					"generalVolume" : [ 88 ],
					"glissando" : [ 0.7455941673185 ],
					"justIntonationOnOff" : [  ],
					"numberOfVoices" : [ 3 ],
					"pitchReference" : [ 0 ],
					"ramdomBangsEnable" : [  ],
					"ramdomBangsEnable[1]" : [  ],
					"randomBangsChances" : [  ],
					"randomNoteFreq" : [ 5000 ],
					"randomNotesScale" : [  ],
					"randomNotesSpread" : [  ],
					"randomNotesStart" : [  ],
					"release" : [ 1.0 ],
					"subVolume" : [ 0.724238385212091 ],
					"voicePanning" : [ 1.0 ],
					"voiceSubPanning" : [ 1.0 ],
					"wobble" : [ 0.828734429745839 ]
				}

			}
,
			"6" : 			{
				"id" : 6,
				"data" : 				{
					"4_3Volume" : [  ],
					"attBrightIntensity" : [ 0.65471074190633 ],
					"attBrightLength" : [ 0.301574044186493 ],
					"attDissIntensity" : [ 0.737801729605116 ],
					"attDissLength" : [ 0.260028550337101 ],
					"attack" : [ 0.152144339577905 ],
					"attackDissonance" : [ 1 ],
					"detune" : [ 0.0 ],
					"disableEnvelope" : [ 0 ],
					"fmIndex" : [ 0.0 ],
					"fmRatio" : [ 0.0 ],
					"generalVolume" : [ 88 ],
					"glissando" : [ 0.7455941673185 ],
					"justIntonationOnOff" : [  ],
					"numberOfVoices" : [ 3 ],
					"pitchReference" : [ 0 ],
					"ramdomBangsEnable" : [  ],
					"ramdomBangsEnable[1]" : [  ],
					"randomBangsChances" : [  ],
					"randomNoteFreq" : [ 5000 ],
					"randomNotesScale" : [  ],
					"randomNotesSpread" : [  ],
					"randomNotesStart" : [  ],
					"release" : [ 1.0 ],
					"subVolume" : [ 0.724238385212091 ],
					"voicePanning" : [ 1.0 ],
					"voiceSubPanning" : [ 1.0 ],
					"wobble" : [ 0.828734429745839 ]
				}

			}
,
			"7" : 			{
				"id" : 7,
				"name" : "Intro",
				"data" : 				{
					"4_3Volume" : [  ],
					"attBrightIntensity" : [ 0.222222217198076 ],
					"attBrightLength" : [ 0.77394635512911 ],
					"attDissIntensity" : [ 0.161877389611869 ],
					"attDissLength" : [ 0.549808424094628 ],
					"attack" : [ 0.136015320646352 ],
					"attackDissonance" : [ 1 ],
					"detune" : [ 0.0 ],
					"disableEnvelope" : [ 0 ],
					"fmIndex" : [ 0.5 ],
					"fmRatio" : [ 1.0 ],
					"generalVolume" : [ 98 ],
					"glissando" : [ 0.328645960010331 ],
					"justIntonationOnOff" : [ 0 ],
					"numberOfVoices" : [ 3 ],
					"pitchReference" : [ 60 ],
					"ramdomBangsEnable" : [ 1 ],
					"ramdomBangsEnable[1]" : [ 0 ],
					"randomBangsChances" : [ 0.002 ],
					"randomNoteFreq" : [ 5000 ],
					"randomNotesScale" : [ 4 ],
					"randomNotesSpread" : [ 12 ],
					"randomNotesStart" : [ 60 ],
					"release" : [ 0.825670493060145 ],
					"subVolume" : [ 0.629310513364858 ],
					"voicePanning" : [ 0.991803278688525 ],
					"voiceSubPanning" : [ 1.0 ],
					"wobble" : [ 0.735153251680835 ]
				}

			}
,
			"8" : 			{
				"id" : 8,
				"name" : "NotesRondes",
				"data" : 				{
					"4_3Volume" : [  ],
					"attBrightIntensity" : [ 0.222222217198076 ],
					"attBrightLength" : [ 0.77394635512911 ],
					"attDissIntensity" : [ 0.161877389611869 ],
					"attDissLength" : [ 0.549808424094628 ],
					"attack" : [ 0.049808424094628 ],
					"attackDissonance" : [ 0 ],
					"detune" : [ 0.0 ],
					"disableEnvelope" : [ 0 ],
					"fmIndex" : [ 4.0 ],